reuse,round,bytes,seconds
true,1,1048576,0.001344
true,1,4194304,0.002727
true,1,16777216,0.014325
true,1,67108864,0.056084
true,1,268435456,0.225353
true,2,1048576,0.000732
true,2,4194304,0.003583
true,2,16777216,0.014118
true,2,67108864,0.056264
true,2,268435456,0.225285
true,3,1048576,0.000890
true,3,4194304,0.003442
true,3,16777216,0.014094
true,3,67108864,0.056404
true,3,268435456,0.225232
true,4,1048576,0.000830
true,4,4194304,0.003538
true,4,16777216,0.014125
true,4,67108864,0.056389
true,4,268435456,0.225333
true,5,1048576,0.000675
true,5,4194304,0.003544
true,5,16777216,0.014035
true,5,67108864,0.056299
true,5,268435456,0.225362
true,6,1048576,0.000821
true,6,4194304,0.003487
true,6,16777216,0.014088
true,6,67108864,0.056340
true,6,268435456,0.225294
true,7,1048576,0.000824
true,7,4194304,0.003531
true,7,16777216,0.014058
true,7,67108864,0.056293
true,7,268435456,0.225384
true,8,1048576,0.000796
true,8,4194304,0.003557
true,8,16777216,0.014054
true,8,67108864,0.056275
true,8,268435456,0.225328
true,9,1048576,0.000818
true,9,4194304,0.003533
true,9,16777216,0.014107
true,9,67108864,0.056267
true,9,268435456,0.225328
true,10,1048576,0.000825
true,10,4194304,0.003528
true,10,16777216,0.014059
true,10,67108864,0.056580
true,10,268435456,0.225101
true,11,1048576,0.000885
true,11,4194304,0.003452
true,11,16777216,0.014076
true,11,67108864,0.056299
true,11,268435456,0.225325
true,12,1048576,0.000838
true,12,4194304,0.003557
true,12,16777216,0.014073
true,12,67108864,0.056270
true,12,268435456,0.225309
true,13,1048576,0.000837
true,13,4194304,0.003505
true,13,16777216,0.014108
true,13,67108864,0.056340
true,13,268435456,0.225258
true,14,1048576,0.000893
true,14,4194304,0.003466
true,14,16777216,0.014102
true,14,67108864,0.056298
true,14,268435456,0.227780
true,15,1048576,0.000420
true,15,4194304,0.003469
true,15,16777216,0.014112
true,15,67108864,0.056317
true,15,268435456,0.225366
true,16,1048576,0.000731
true,16,4194304,0.003534
true,16,16777216,0.014075
true,16,67108864,0.056302
true,16,268435456,0.225400
true,17,1048576,0.000771
true,17,4194304,0.003485
true,17,16777216,0.014106
true,17,67108864,0.056348
true,17,268435456,0.225284
true,18,1048576,0.000792
true,18,4194304,0.003546
true,18,16777216,0.014067
true,18,67108864,0.056371
true,18,268435456,0.225254
true,19,1048576,0.000874
true,19,4194304,0.003534
true,19,16777216,0.014070
true,19,67108864,0.056311
true,19,268435456,0.225330
true,20,1048576,0.000819
true,20,4194304,0.003493
true,20,16777216,0.014140
true,20,67108864,0.056257
true,20,268435456,0.225315
true,21,1048576,0.000821
true,21,4194304,0.003563
true,21,16777216,0.014062
true,21,67108864,0.056321
true,21,268435456,0.225326
true,22,1048576,0.000824
true,22,4194304,0.003510
true,22,16777216,0.014060
true,22,67108864,0.056541
true,22,268435456,0.225043
true,23,1048576,0.000857
true,23,4194304,0.003550
true,23,16777216,0.014191
true,23,67108864,0.056187
true,23,268435456,0.225263
true,24,1048576,0.000842
true,24,4194304,0.003618
true,24,16777216,0.014020
true,24,67108864,0.056262
true,24,268435456,0.225460
true,25,1048576,0.000735
true,25,4194304,0.003473
true,25,16777216,0.014091
true,25,67108864,0.056388
true,25,268435456,0.225248
true,26,1048576,0.000975
true,26,4194304,0.003389
true,26,16777216,0.014051
true,26,67108864,0.056320
true,26,268435456,0.225375
true,27,1048576,0.000758
true,27,4194304,0.003576
true,27,16777216,0.014190
true,27,67108864,0.056168
true,27,268435456,0.225407
true,28,1048576,0.000825
true,28,4194304,0.003475
true,28,16777216,0.014354
true,28,67108864,0.056003
true,28,268435456,0.225638
true,29,1048576,0.000495
true,29,4194304,0.003729
true,29,16777216,0.013906
true,29,67108864,0.056258
true,29,268435456,0.225340
true,30,1048576,0.000826
true,30,4194304,0.003534
true,30,16777216,0.014129
true,30,67108864,0.056268
true,30,268435456,0.225305
true,31,1048576,0.000842
true,31,4194304,0.003487
true,31,16777216,0.014107
true,31,67108864,0.056277
true,31,268435456,0.225651
true,32,1048576,0.000824
true,32,4194304,0.003518
true,32,16777216,0.014062
true,32,67108864,0.056293
true,32,268435456,0.225334
true,33,1048576,0.000796
true,33,4194304,0.003529
true,33,16777216,0.014109
true,33,67108864,0.056304
true,33,268435456,0.225308
true,34,1048576,0.000850
true,34,4194304,0.003501
true,34,16777216,0.014110
true,34,67108864,0.056251
true,34,268435456,0.225335
true,35,1048576,0.000822
true,35,4194304,0.003561
true,35,16777216,0.014035
true,35,67108864,0.056332
true,35,268435456,0.225965
true,36,1048576,0.000410
true,36,4194304,0.003264
true,36,16777216,0.014093
true,36,67108864,0.056331
true,36,268435456,0.225275
true,37,1048576,0.000881
true,37,4194304,0.003490
true,37,16777216,0.014049
true,37,67108864,0.056313
true,37,268435456,0.225322
true,38,1048576,0.000834
true,38,4194304,0.003534
true,38,16777216,0.014319
true,38,67108864,0.055991
true,38,268435456,0.225317
true,39,1048576,0.000838
true,39,4194304,0.003547
true,39,16777216,0.014050
true,39,67108864,0.056302
true,39,268435456,0.225304
true,40,1048576,0.000824
true,40,4194304,0.003530
true,40,16777216,0.014128
true,40,67108864,0.056307
true,40,268435456,0.225292
true,41,1048576,0.000774
true,41,4194304,0.003631
true,41,16777216,0.013953
true,41,67108864,0.056341
true,41,268435456,0.225345
true,42,1048576,0.000766
true,42,4194304,0.003707
true,42,16777216,0.013910
true,42,67108864,0.056351
true,42,268435456,0.225331
true,43,1048576,0.000769
true,43,4194304,0.003644
true,43,16777216,0.014011
true,43,67108864,0.056346
true,43,268435456,0.225227
true,44,1048576,0.000841
true,44,4194304,0.003590
true,44,16777216,0.014037
true,44,67108864,0.056317
true,44,268435456,0.225294
true,45,1048576,0.000837
true,45,4194304,0.003588
true,45,16777216,0.014042
true,45,67108864,0.056269
true,45,268435456,0.225343
true,46,1048576,0.000782
true,46,4194304,0.003658
true,46,16777216,0.013944
true,46,67108864,0.056345
true,46,268435456,0.225291
true,47,1048576,0.000815
true,47,4194304,0.003485
true,47,16777216,0.014151
true,47,67108864,0.056295
true,47,268435456,0.225338
true,48,1048576,0.000831
true,48,4194304,0.003489
true,48,16777216,0.014071
true,48,67108864,0.056300
true,48,268435456,0.225331
true,49,1048576,0.000847
true,49,4194304,0.003523
true,49,16777216,0.014039
true,49,67108864,0.056337
true,49,268435456,0.225328
true,50,1048576,0.000817
true,50,4194304,0.003503
true,50,16777216,0.014094
true,50,67108864,0.056291
true,50,268435456,0.225387
true,51,1048576,0.000825
true,51,4194304,0.003469
true,51,16777216,0.014135
true,51,67108864,0.056227
true,51,268435456,0.225355
true,52,1048576,0.000978
true,52,4194304,0.003385
true,52,16777216,0.014063
true,52,67108864,0.056346
true,52,268435456,0.225302
true,53,1048576,0.000767
true,53,4194304,0.003556
true,53,16777216,0.014050
true,53,67108864,0.056337
true,53,268435456,0.225288
true,54,1048576,0.000843
true,54,4194304,0.003503
true,54,16777216,0.014076
true,54,67108864,0.056332
true,54,268435456,0.225367
true,55,1048576,0.000961
true,55,4194304,0.003411
true,55,16777216,0.014052
true,55,67108864,0.056256
true,55,268435456,0.225358
true,56,1048576,0.000818
true,56,4194304,0.003490
true,56,16777216,0.014083
true,56,67108864,0.056350
true,56,268435456,0.225303
true,57,1048576,0.000942
true,57,4194304,0.003436
true,57,16777216,0.014027
true,57,67108864,0.056329
true,57,268435456,0.225442
true,58,1048576,0.000864
true,58,4194304,0.003588
true,58,16777216,0.014027
true,58,67108864,0.056289
true,58,268435456,0.225274
true,59,1048576,0.000849
true,59,4194304,0.003520
true,59,16777216,0.014100
true,59,67108864,0.056296
true,59,268435456,0.225342
true,60,1048576,0.000863
true,60,4194304,0.003502
true,60,16777216,0.014064
true,60,67108864,0.056298
true,60,268435456,0.225297
true,61,1048576,0.000805
true,61,4194304,0.003651
true,61,16777216,0.013956
true,61,67108864,0.056269
true,61,268435456,0.225390
true,62,1048576,0.000806
true,62,4194304,0.003497
true,62,16777216,0.014050
true,62,67108864,0.056315
true,62,268435456,0.225367
true,63,1048576,0.000770
true,63,4194304,0.003502
true,63,16777216,0.014115
true,63,67108864,0.056349
true,63,268435456,0.225300
true,64,1048576,0.000795
true,64,4194304,0.003578
true,64,16777216,0.014036
true,64,67108864,0.056299
true,64,268435456,0.225318
true,65,1048576,0.000825
true,65,4194304,0.003536
true,65,16777216,0.014067
true,65,67108864,0.056728
true,65,268435456,0.225340
true,66,1048576,0.000793
true,66,4194304,0.003544
true,66,16777216,0.014169
true,66,67108864,0.056226
true,66,268435456,0.225358
true,67,1048576,0.000761
true,67,4194304,0.003528
true,67,16777216,0.014058
true,67,67108864,0.056349
true,67,268435456,0.225299
true,68,1048576,0.000822
true,68,4194304,0.003519
true,68,16777216,0.014081
true,68,67108864,0.056725
true,68,268435456,0.224931
true,69,1048576,0.000822
true,69,4194304,0.003492
true,69,16777216,0.014210
true,69,67108864,0.056264
true,69,268435456,0.225324
true,70,1048576,0.000835
true,70,4194304,0.003489
true,70,16777216,0.014100
true,70,67108864,0.056267
true,70,268435456,0.225326
true,71,1048576,0.000857
true,71,4194304,0.003503
true,71,16777216,0.014187
true,71,67108864,0.056236
true,71,268435456,0.225305
true,72,1048576,0.000796
true,72,4194304,0.003509
true,72,16777216,0.014184
true,72,67108864,0.056203
true,72,268435456,0.225323
true,73,1048576,0.000869
true,73,4194304,0.003463
true,73,16777216,0.014138
true,73,67108864,0.056331
true,73,268435456,0.225245
true,74,1048576,0.000858
true,74,4194304,0.003511
true,74,16777216,0.014044
true,74,67108864,0.056281
true,74,268435456,0.225351
true,75,1048576,0.000803
true,75,4194304,0.003504
true,75,16777216,0.014075
true,75,67108864,0.056304
true,75,268435456,0.225330
true,76,1048576,0.000857
true,76,4194304,0.003510
true,76,16777216,0.014102
true,76,67108864,0.056304
true,76,268435456,0.225319
true,77,1048576,0.000820
true,77,4194304,0.003523
true,77,16777216,0.014067
true,77,67108864,0.056346
true,77,268435456,0.225294
true,78,1048576,0.000844
true,78,4194304,0.003509
true,78,16777216,0.014076
true,78,67108864,0.056389
true,78,268435456,0.225293
true,79,1048576,0.000778
true,79,4194304,0.003547
true,79,16777216,0.014098
true,79,67108864,0.056315
true,79,268435456,0.225340
true,80,1048576,0.000753
true,80,4194304,0.003576
true,80,16777216,0.014134
true,80,67108864,0.056219
true,80,268435456,0.225306
true,81,1048576,0.000855
true,81,4194304,0.003551
true,81,16777216,0.014044
true,81,67108864,0.056288
true,81,268435456,0.225678
true,82,1048576,0.000824
true,82,4194304,0.003478
true,82,16777216,0.014067
true,82,67108864,0.056377
true,82,268435456,0.225351
true,83,1048576,0.000807
true,83,4194304,0.003504
true,83,16777216,0.014038
true,83,67108864,0.056333
true,83,268435456,0.225309
true,84,1048576,0.000855
true,84,4194304,0.003479
true,84,16777216,0.014076
true,84,67108864,0.056323
true,84,268435456,0.225301
true,85,1048576,0.000867
true,85,4194304,0.003560
true,85,16777216,0.014007
true,85,67108864,0.056322
true,85,268435456,0.225302
true,86,1048576,0.000850
true,86,4194304,0.003482
true,86,16777216,0.014109
true,86,67108864,0.056308
true,86,268435456,0.225411
true,87,1048576,0.000737
true,87,4194304,0.003540
true,87,16777216,0.014082
true,87,67108864,0.056329
true,87,268435456,0.225387
true,88,1048576,0.000725
true,88,4194304,0.003538
true,88,16777216,0.014062
true,88,67108864,0.056304
true,88,268435456,0.225291
true,89,1048576,0.000797
true,89,4194304,0.003553
true,89,16777216,0.014078
true,89,67108864,0.056283
true,89,268435456,0.225350
true,90,1048576,0.000784
true,90,4194304,0.003649
true,90,16777216,0.014031
true,90,67108864,0.056233
true,90,268435456,0.225343
true,91,1048576,0.000776
true,91,4194304,0.003581
true,91,16777216,0.014038
true,91,67108864,0.056325
true,91,268435456,0.225309
true,92,1048576,0.000841
true,92,4194304,0.003560
true,92,16777216,0.014016
true,92,67108864,0.056345
true,92,268435456,0.225280
true,93,1048576,0.000842
true,93,4194304,0.003547
true,93,16777216,0.014213
true,93,67108864,0.056176
true,93,268435456,0.225313
true,94,1048576,0.000817
true,94,4194304,0.003509
true,94,16777216,0.014109
true,94,67108864,0.056284
true,94,268435456,0.225341
true,95,1048576,0.000818
true,95,4194304,0.003512
true,95,16777216,0.014065
true,95,67108864,0.056356
true,95,268435456,0.225258
true,96,1048576,0.000910
true,96,4194304,0.003513
true,96,16777216,0.014019
true,96,67108864,0.056339
true,96,268435456,0.225244
true,97,1048576,0.000822
true,97,4194304,0.003529
true,97,16777216,0.014110
true,97,67108864,0.056286
true,97,268435456,0.225318
true,98,1048576,0.000807
true,98,4194304,0.003536
true,98,16777216,0.014151
true,98,67108864,0.056407
true,98,268435456,0.225782
true,99,1048576,0.000796
true,99,4194304,0.003599
true,99,16777216,0.013995
true,99,67108864,0.056336
true,99,268435456,0.225324
true,100,1048576,0.000862
true,100,4194304,0.003468
true,100,16777216,0.014099
true,100,67108864,0.056322
true,100,268435456,0.225305
true,101,1048576,0.000814
true,101,4194304,0.003536
true,101,16777216,0.014039
true,101,67108864,0.056342
true,101,268435456,0.225274
true,102,1048576,0.000856
true,102,4194304,0.003521
true,102,16777216,0.014116
true,102,67108864,0.056245
true,102,268435456,0.225339
true,103,1048576,0.000881
true,103,4194304,0.003483
true,103,16777216,0.014113
true,103,67108864,0.056286
true,103,268435456,0.225273
true,104,1048576,0.000873
true,104,4194304,0.003537
true,104,16777216,0.014027
true,104,67108864,0.056349
true,104,268435456,0.226565
true,105,1048576,0.000814
true,105,4194304,0.003539
true,105,16777216,0.014088
true,105,67108864,0.056298
true,105,268435456,0.225384
true,106,1048576,0.000812
true,106,4194304,0.003470
true,106,16777216,0.014072
true,106,67108864,0.056339
true,106,268435456,0.225356
true,107,1048576,0.000752
true,107,4194304,0.003657
true,107,16777216,0.013960
true,107,67108864,0.056376
true,107,268435456,0.225260
true,108,1048576,0.000865
true,108,4194304,0.003488
true,108,16777216,0.014101
true,108,67108864,0.056274
true,108,268435456,0.225335
true,109,1048576,0.000822
true,109,4194304,0.003509
true,109,16777216,0.014297
true,109,67108864,0.056119
true,109,268435456,0.225270
true,110,1048576,0.000811
true,110,4194304,0.003552
true,110,16777216,0.014101
true,110,67108864,0.056276
true,110,268435456,0.225302
true,111,1048576,0.000818
true,111,4194304,0.003583
true,111,16777216,0.014039
true,111,67108864,0.056324
true,111,268435456,0.225320
true,112,1048576,0.000771
true,112,4194304,0.003549
true,112,16777216,0.014083
true,112,67108864,0.056260
true,112,268435456,0.225338
true,113,1048576,0.000807
true,113,4194304,0.003753
true,113,16777216,0.013842
true,113,67108864,0.056348
true,113,268435456,0.225302
true,114,1048576,0.000795
true,114,4194304,0.003522
true,114,16777216,0.014095
true,114,67108864,0.056310
true,114,268435456,0.225327
true,115,1048576,0.000842
true,115,4194304,0.003529
true,115,16777216,0.014098
true,115,67108864,0.056303
true,115,268435456,0.225991
true,116,1048576,0.000824
true,116,4194304,0.003553
true,116,16777216,0.014033
true,116,67108864,0.056384
true,116,268435456,0.225239
true,117,1048576,0.000849
true,117,4194304,0.003545
true,117,16777216,0.014088
true,117,67108864,0.056293
true,117,268435456,0.225269
true,118,1048576,0.000829
true,118,4194304,0.003548
true,118,16777216,0.014116
true,118,67108864,0.056259
true,118,268435456,0.225326
true,119,1048576,0.000822
true,119,4194304,0.003574
true,119,16777216,0.014158
true,119,67108864,0.056231
true,119,268435456,0.225282
true,120,1048576,0.000827
true,120,4194304,0.003536
true,120,16777216,0.014069
true,120,67108864,0.056275
true,120,268435456,0.225333
true,121,1048576,0.000819
true,121,4194304,0.003554
true,121,16777216,0.014107
true,121,67108864,0.056315
true,121,268435456,0.225277
true,122,1048576,0.000823
true,122,4194304,0.003516
true,122,16777216,0.014055
true,122,67108864,0.056346
true,122,268435456,0.225303
true,123,1048576,0.000858
true,123,4194304,0.003521
true,123,16777216,0.014081
true,123,67108864,0.056312
true,123,268435456,0.225325
true,124,1048576,0.000818
true,124,4194304,0.003507
true,124,16777216,0.014076
true,124,67108864,0.056322
true,124,268435456,0.225337
true,125,1048576,0.000822
true,125,4194304,0.003481
true,125,16777216,0.014098
true,125,67108864,0.056260
true,125,268435456,0.225296
true,126,1048576,0.000845
true,126,4194304,0.003592
true,126,16777216,0.014024
true,126,67108864,0.056300
true,126,268435456,0.225332
true,127,1048576,0.000822
true,127,4194304,0.003521
true,127,16777216,0.014043
true,127,67108864,0.056346
true,127,268435456,0.225303
true,128,1048576,0.000873
true,128,4194304,0.003489
true,128,16777216,0.014112
true,128,67108864,0.056274
true,128,268435456,0.225304
true,129,1048576,0.000823
true,129,4194304,0.003512
true,129,16777216,0.014076
true,129,67108864,0.056367
true,129,268435456,0.225303
true,130,1048576,0.000812
true,130,4194304,0.003549
true,130,16777216,0.014033
true,130,67108864,0.056384
true,130,268435456,0.225259
true,131,1048576,0.000809
true,131,4194304,0.003532
true,131,16777216,0.014076
true,131,67108864,0.056305
true,131,268435456,0.225557
true,132,1048576,0.000744
true,132,4194304,0.003374
true,132,16777216,0.014104
true,132,67108864,0.056500
true,132,268435456,0.225324
true,133,1048576,0.000865
true,133,4194304,0.003487
true,133,16777216,0.014037
true,133,67108864,0.056563
true,133,268435456,0.225084
true,134,1048576,0.000838
true,134,4194304,0.003492
true,134,16777216,0.014103
true,134,67108864,0.056292
true,134,268435456,0.225334
true,135,1048576,0.000778
true,135,4194304,0.003542
true,135,16777216,0.014119
true,135,67108864,0.056269
true,135,268435456,0.226712
true,136,1048576,0.000832
true,136,4194304,0.003493
true,136,16777216,0.014109
true,136,67108864,0.056364
true,136,268435456,0.225311
true,137,1048576,0.000782
true,137,4194304,0.003669
true,137,16777216,0.013962
true,137,67108864,0.056236
true,137,268435456,0.225384
true,138,1048576,0.000829
true,138,4194304,0.003489
true,138,16777216,0.014146
true,138,67108864,0.056270
true,138,268435456,0.225334
true,139,1048576,0.000826
true,139,4194304,0.003478
true,139,16777216,0.014087
true,139,67108864,0.056297
true,139,268435456,0.225318
true,140,1048576,0.000868
true,140,4194304,0.003496
true,140,16777216,0.014046
true,140,67108864,0.056331
true,140,268435456,0.225286
true,141,1048576,0.000824
true,141,4194304,0.003549
true,141,16777216,0.014111
true,141,67108864,0.056261
true,141,268435456,0.225336
true,142,1048576,0.000823
true,142,4194304,0.003548
true,142,16777216,0.014052
true,142,67108864,0.056307
true,142,268435456,0.225338
true,143,1048576,0.000829
true,143,4194304,0.003504
true,143,16777216,0.014086
true,143,67108864,0.162547
true,143,268435456,5.547152
true,144,1048576,0.021441
true,144,4194304,0.086919
true,144,16777216,0.346368
true,144,67108864,1.386659
true,144,268435456,5.548274
true,145,1048576,0.020271
true,145,4194304,0.086850
true,145,16777216,0.346505
true,145,67108864,1.386553
true,145,268435456,5.547007
true,146,1048576,0.021944
true,146,4194304,0.086291
true,146,16777216,0.346654
true,146,67108864,1.387047
true,146,268435456,5.546657
true,147,1048576,0.021673
true,147,4194304,0.086866
true,147,16777216,0.346485
true,147,67108864,1.386608
true,147,268435456,5.546982
true,148,1048576,0.021546
true,148,4194304,0.086810
true,148,16777216,0.346384
true,148,67108864,1.386809
true,148,268435456,5.546942
true,149,1048576,0.021714
true,149,4194304,0.086617
true,149,16777216,0.346569
true,149,67108864,1.386888
true,149,268435456,5.546708
true,150,1048576,0.021644
true,150,4194304,0.086706
true,150,16777216,0.346599
true,150,67108864,1.387070
true,150,268435456,5.546742
true,151,1048576,0.021744
true,151,4194304,0.086333
true,151,16777216,0.346644
true,151,67108864,1.386860
true,151,268435456,5.546726
true,152,1048576,0.021788
true,152,4194304,0.086708
true,152,16777216,0.346362
true,152,67108864,1.387058
true,152,268435456,5.546671
true,153,1048576,0.021593
true,153,4194304,0.086656
true,153,16777216,0.346702
true,153,67108864,1.386669
true,153,268435456,5.546952
true,154,1048576,0.021609
true,154,4194304,0.086854
true,154,16777216,0.346333
true,154,67108864,1.386833
true,154,268435456,5.547064
true,155,1048576,0.021446
true,155,4194304,0.086624
true,155,16777216,0.346751
true,155,67108864,1.386648
true,155,268435456,5.546880
true,156,1048576,0.021817
true,156,4194304,0.086319
true,156,16777216,0.346674
true,156,67108864,1.386849
true,156,268435456,5.546901
true,157,1048576,0.021587
true,157,4194304,0.086629
true,157,16777216,0.347077
true,157,67108864,1.386337
true,157,268435456,5.546889
true,158,1048576,0.021620
true,158,4194304,0.086836
true,158,16777216,0.346341
true,158,67108864,1.386824
true,158,268435456,5.546962
true,159,1048576,0.021745
true,159,4194304,0.086374
true,159,16777216,0.346641
true,159,67108864,1.386895
true,159,268435456,5.546838
true,160,1048576,0.021573
true,160,4194304,0.086910
true,160,16777216,0.346587
true,160,67108864,1.386543
true,160,268435456,5.546968
true,161,1048576,0.021720
true,161,4194304,0.086579
true,161,16777216,0.346637
true,161,67108864,1.386692
true,161,268435456,5.546889
true,162,1048576,0.021611
true,162,4194304,0.086664
true,162,16777216,0.346961
true,162,67108864,1.386371
true,162,268435456,5.546954
true,163,1048576,0.021726
true,163,4194304,0.086659
true,163,16777216,0.346562
true,163,67108864,1.386661
true,163,268435456,5.546968
true,164,1048576,0.021560
true,164,4194304,0.086677
true,164,16777216,0.346849
true,164,67108864,1.386535
true,164,268435456,5.546874
true,165,1048576,0.021630
true,165,4194304,0.086636
true,165,16777216,0.346711
true,165,67108864,1.386670
true,165,268435456,5.546975
true,166,1048576,0.021882
true,166,4194304,0.086267
true,166,16777216,0.346613
true,166,67108864,1.386807
true,166,268435456,5.546978
true,167,1048576,0.021706
true,167,4194304,0.086385
true,167,16777216,0.346848
true,167,67108864,1.386876
true,167,268435456,5.546683
true,168,1048576,0.021784
true,168,4194304,0.086737
true,168,16777216,0.346418
true,168,67108864,1.386698
true,168,268435456,5.546922
true,169,1048576,0.021738
true,169,4194304,0.086399
true,169,16777216,0.346864
true,169,67108864,1.386775
true,169,268435456,5.547191
true,170,1048576,0.021226
true,170,4194304,0.086594
true,170,16777216,0.346706
true,170,67108864,1.386646
true,170,268435456,5.546911
true,171,1048576,0.021598
true,171,4194304,0.086654
true,171,16777216,0.346905
true,171,67108864,1.386461
true,171,268435456,5.546933
true,172,1048576,0.021588
true,172,4194304,0.086844
true,172,16777216,0.346338
true,172,67108864,1.386911
true,172,268435456,5.547130
true,173,1048576,0.021496
true,173,4194304,0.086538
true,173,16777216,0.346665
true,173,67108864,1.386824
true,173,268435456,5.546812
true,174,1048576,0.021749
true,174,4194304,0.086427
true,174,16777216,0.346719
true,174,67108864,1.386691
true,174,268435456,5.547080
true,175,1048576,0.021454
true,175,4194304,0.086661
true,175,16777216,0.347110
true,175,67108864,1.386257
true,175,268435456,5.546897
true,176,1048576,0.021576
true,176,4194304,0.086658
true,176,16777216,0.346684
true,176,67108864,1.386684
true,176,268435456,5.547037
true,177,1048576,0.021554
true,177,4194304,0.086705
true,177,16777216,0.346726
true,177,67108864,1.386637
true,177,268435456,5.547006
true,178,1048576,0.021487
true,178,4194304,0.086853
true,178,16777216,0.346270
true,178,67108864,1.387122
true,178,268435456,5.546852
true,179,1048576,0.021412
true,179,4194304,0.086875
true,179,16777216,0.346299
true,179,67108864,1.387202
true,179,268435456,5.546550
true,180,1048576,0.021626
true,180,4194304,0.086686
true,180,16777216,0.346616
true,180,67108864,1.386869
true,180,268435456,5.546871
true,181,1048576,0.021480
true,181,4194304,0.086883
true,181,16777216,0.346310
true,181,67108864,1.386798
true,181,268435456,5.547270
true,182,1048576,0.021305
true,182,4194304,0.086643
true,182,16777216,0.346661
true,182,67108864,1.386696
true,182,268435456,5.547183
true,183,1048576,0.021770
true,183,4194304,0.086314
true,183,16777216,0.346574
true,183,67108864,1.386743
true,183,268435456,5.546956
true,184,1048576,0.021953
true,184,4194304,0.086531
true,184,16777216,0.346244
true,184,67108864,1.387006
true,184,268435456,5.546738
true,185,1048576,0.021803
true,185,4194304,0.086653
true,185,16777216,0.346402
true,185,67108864,1.386810
true,185,268435456,5.547150
true,186,1048576,0.021371
true,186,4194304,0.086676
true,186,16777216,0.346599
true,186,67108864,1.386712
true,186,268435456,5.547007
true,187,1048576,0.021572
true,187,4194304,0.086645
true,187,16777216,0.346672
true,187,67108864,1.386741
true,187,268435456,5.546800
true,188,1048576,0.021630
true,188,4194304,0.086610
true,188,16777216,0.346689
true,188,67108864,1.386693
true,188,268435456,5.546961
true,189,1048576,0.021610
true,189,4194304,0.086648
true,189,16777216,0.346821
true,189,67108864,1.386669
true,189,268435456,5.546758
true,190,1048576,0.021613
true,190,4194304,0.086665
true,190,16777216,0.346683
true,190,67108864,1.386694
true,190,268435456,5.547016
true,191,1048576,0.021681
true,191,4194304,0.086587
true,191,16777216,0.346936
true,191,67108864,1.386555
true,191,268435456,5.546661
true,192,1048576,0.021631
true,192,4194304,0.086676
true,192,16777216,0.346638
true,192,67108864,1.386792
true,192,268435456,5.546838
true,193,1048576,0.021638
true,193,4194304,0.086651
true,193,16777216,0.346618
true,193,67108864,1.386741
true,193,268435456,5.546899
true,194,1048576,0.021908
true,194,4194304,0.086440
true,194,16777216,0.346570
true,194,67108864,1.386563
true,194,268435456,5.547111
true,195,1048576,0.021733
true,195,4194304,0.086457
true,195,16777216,0.346668
true,195,67108864,1.386887
true,195,268435456,5.546756
true,196,1048576,0.021575
true,196,4194304,0.086690
true,196,16777216,0.346646
true,196,67108864,1.386695
true,196,268435456,5.546903
true,197,1048576,0.021630
true,197,4194304,0.086633
true,197,16777216,0.346816
true,197,67108864,1.386551
true,197,268435456,5.546941
true,198,1048576,0.021594
true,198,4194304,0.086697
true,198,16777216,0.346631
true,198,67108864,1.386700
true,198,268435456,5.546927
true,199,1048576,0.021619
true,199,4194304,0.086711
true,199,16777216,0.346582
true,199,67108864,1.386715
true,199,268435456,5.546926
true,200,1048576,0.021577
true,200,4194304,0.086688
true,200,16777216,0.346852
true,200,67108864,1.386522
true,200,268435456,5.546964
true,201,1048576,0.021592
true,201,4194304,0.086635
true,201,16777216,0.346650
true,201,67108864,1.386961
true,201,268435456,5.546640
true,202,1048576,0.021661
true,202,4194304,0.086584
true,202,16777216,0.346759
true,202,67108864,1.386805
true,202,268435456,5.546897
true,203,1048576,0.021451
true,203,4194304,0.086915
true,203,16777216,0.346268
true,203,67108864,1.386846
true,203,268435456,5.547298
true,204,1048576,0.021242
true,204,4194304,0.086897
true,204,16777216,0.346457
true,204,67108864,1.386661
true,204,268435456,5.547047
true,205,1048576,0.021567
true,205,4194304,0.086615
true,205,16777216,0.346679
true,205,67108864,1.386656
true,205,268435456,5.546905
true,206,1048576,0.021606
true,206,4194304,0.086631
true,206,16777216,0.346642
true,206,67108864,1.386682
true,206,268435456,5.547261
true,207,1048576,0.021601
true,207,4194304,0.086302
true,207,16777216,0.346779
true,207,67108864,1.386925
true,207,268435456,5.546643
true,208,1048576,0.021835
true,208,4194304,0.086356
true,208,16777216,0.346616
true,208,67108864,1.386811
true,208,268435456,5.546985
true,209,1048576,0.021564
true,209,4194304,0.087010
true,209,16777216,0.346281
true,209,67108864,1.386887
true,209,268435456,5.546751
true,210,1048576,0.021618
true,210,4194304,0.086655
true,210,16777216,0.346559
true,210,67108864,1.386813
true,210,268435456,5.546918
true,211,1048576,0.021585
true,211,4194304,0.086853
true,211,16777216,0.346440
true,211,67108864,1.386634
true,211,268435456,5.547006
true,212,1048576,0.021616
true,212,4194304,0.086673
true,212,16777216,0.346670
true,212,67108864,1.386736
true,212,268435456,5.546864
true,213,1048576,0.021643
true,213,4194304,0.086681
true,213,16777216,0.346589
true,213,67108864,1.386693
true,213,268435456,5.547164
true,214,1048576,0.021487
true,214,4194304,0.086546
true,214,16777216,0.346669
true,214,67108864,1.386691
true,214,268435456,5.546920
true,215,1048576,0.021780
true,215,4194304,0.086533
true,215,16777216,0.346531
true,215,67108864,1.386763
true,215,268435456,5.547000
true,216,1048576,0.021668
true,216,4194304,0.086732
true,216,16777216,0.346561
true,216,67108864,1.386447
true,216,268435456,5.547255
true,217,1048576,0.021493
true,217,4194304,0.086593
true,217,16777216,0.346652
true,217,67108864,1.386722
true,217,268435456,5.546918
true,218,1048576,0.021592
true,218,4194304,0.086577
true,218,16777216,0.346622
true,218,67108864,1.386959
true,218,268435456,5.547201
