index,at,bytes,believed,action,predicted,actual,error
1,0.000008,67108864,transfer,transfer,0.006711,0.016071,
2,0.020705,67108864,transfer,transfer,0.016071,0.011203,
3,0.032595,67108864,transfer,transfer,0.012826,0.008729,
4,0.041824,67108864,transfer,transfer,0.010485,0.007390,
5,0.049592,67108864,transfer,transfer,0.008834,0.006625,
6,0.056496,67108864,transfer,transfer,0.007694,0.006162,
7,0.062949,67108864,transfer,transfer,0.006916,0.005857,
8,0.069168,67108864,transfer,transfer,0.006382,0.005579,
9,0.075068,67108864,transfer,transfer,0.005979,0.005209,
10,0.080539,67108864,transfer,transfer,0.005593,0.005088,
11,0.085882,67108864,transfer,transfer,0.005340,0.005055,
12,0.091228,67108864,transfer,transfer,0.005198,0.004873,
13,0.096390,67108864,transfer,transfer,0.005035,0.004972,
14,0.101682,67108864,transfer,transfer,0.005004,0.004983,
15,0.106969,67108864,transfer,transfer,0.004993,0.004573,
16,0.111848,67108864,transfer,transfer,0.004783,0.004645,
17,0.116817,67108864,transfer,transfer,0.004714,0.005116,
18,0.122353,67108864,transfer,transfer,0.004915,0.004681,
19,0.127398,67108864,transfer,transfer,0.004798,0.004708,
20,0.132453,67108864,transfer,transfer,0.004753,0.004688,
21,0.137467,67108864,transfer,transfer,0.004720,0.004550,
22,0.142355,67108864,transfer,transfer,0.004635,0.004618,
23,0.147282,67108864,transfer,transfer,0.004627,0.004651,
24,0.152269,67108864,transfer,transfer,0.004639,0.004579,
25,0.157152,67108864,transfer,transfer,0.004609,0.004540,
26,0.161964,67108864,transfer,transfer,0.004574,0.004533,
27,0.166763,67108864,transfer,transfer,0.004554,0.004620,
28,0.171732,67108864,transfer,transfer,0.004587,0.004684,
29,0.176775,67108864,transfer,transfer,0.004635,0.004648,
30,0.181761,67108864,transfer,transfer,0.004642,0.004669,
31,0.186750,67108864,transfer,transfer,0.004655,0.004575,
32,0.191650,67108864,transfer,transfer,0.004615,0.004579,
33,0.196568,67108864,transfer,transfer,0.004597,0.004634,
34,0.201506,67108864,transfer,transfer,0.004616,0.004635,
35,0.206436,67108864,transfer,transfer,0.004625,0.004603,
36,0.211374,67108864,transfer,transfer,0.004614,0.004600,
37,0.216331,67108864,transfer,transfer,0.004607,0.004618,
38,0.221317,67108864,transfer,transfer,0.004613,0.004624,
39,0.226244,67108864,transfer,transfer,0.004618,0.004657,
40,0.231267,67108864,transfer,transfer,0.004638,0.004592,
41,0.236185,67108864,transfer,transfer,0.004615,0.004601,
42,0.241162,67108864,transfer,transfer,0.004608,0.004722,
43,0.246218,67108864,transfer,transfer,0.004665,0.004525,
44,0.251056,67108864,transfer,transfer,0.004595,0.004539,
45,0.255912,67108864,transfer,transfer,0.004567,0.004563,
46,0.260804,67108864,transfer,transfer,0.004565,0.004591,
47,0.265746,67108864,transfer,transfer,0.004578,0.004674,
48,0.270755,67108864,transfer,transfer,0.004626,0.004605,
49,0.275736,67108864,transfer,transfer,0.004616,0.004629,
50,0.280672,67108864,transfer,transfer,0.004622,0.004659,
51,0.285637,67108864,transfer,transfer,0.004641,0.004555,
52,0.290495,67108864,transfer,transfer,0.004598,0.004553,
53,0.295333,67108864,transfer,transfer,0.004575,0.004630,
54,0.300279,67108864,transfer,transfer,0.004603,0.004514,
55,0.305106,67108864,transfer,transfer,0.004559,0.004588,
56,0.310021,67108864,transfer,transfer,0.004573,0.004653,
57,0.314992,67108864,transfer,transfer,0.004613,0.004520,
58,0.319782,67108864,transfer,transfer,0.004567,0.004643,
59,0.324730,67108864,transfer,transfer,0.004605,0.004653,
60,0.329663,67108864,transfer,transfer,0.004629,0.004878,
61,0.334983,67108864,transfer,transfer,0.004754,0.004698,
62,0.340170,67108864,transfer,transfer,0.004726,0.004680,
63,0.345270,67108864,transfer,transfer,0.004703,0.004660,
64,0.350329,67108864,transfer,transfer,0.004681,0.004617,
65,0.355312,67108864,transfer,transfer,0.004649,0.004623,
66,0.360261,67108864,transfer,transfer,0.004636,0.004588,
67,0.365194,67108864,transfer,transfer,0.004612,0.004547,
68,0.370083,67108864,transfer,transfer,0.004580,0.004551,
69,0.375011,67108864,transfer,transfer,0.004565,0.004566,
70,0.379930,67108864,transfer,transfer,0.004566,0.004631,
71,0.384857,67108864,transfer,transfer,0.004598,0.004635,
72,0.389857,67108864,transfer,transfer,0.004617,0.004671,
73,0.394905,67108864,transfer,transfer,0.004644,0.004565,
74,0.399768,67108864,transfer,transfer,0.004604,0.004626,
75,0.404734,67108864,transfer,transfer,0.004615,0.004729,
76,0.409782,67108864,transfer,transfer,0.004672,0.004612,
77,0.414739,67108864,transfer,transfer,0.004642,0.004677,
78,0.419752,67108864,transfer,transfer,0.004660,0.004614,
79,0.424650,67108864,transfer,transfer,0.004637,0.004609,
80,0.429568,67108864,transfer,transfer,0.004623,0.004560,
81,0.434438,67108864,transfer,transfer,0.004592,0.004532,
82,0.439294,67108864,transfer,transfer,0.004562,0.004658,
83,0.444301,67108864,transfer,transfer,0.004610,0.004709,
84,0.449352,67108864,transfer,transfer,0.004659,0.004556,
85,0.454281,67108864,transfer,transfer,0.004608,0.004626,
86,0.459248,67108864,transfer,transfer,0.004617,0.004648,
87,0.464247,67108864,transfer,transfer,0.004632,0.004618,
88,0.469223,67108864,transfer,transfer,0.004625,0.004615,
89,0.474186,67108864,transfer,transfer,0.004620,0.004636,
90,0.479179,67108864,transfer,transfer,0.004628,0.004623,
91,0.484082,67108864,transfer,transfer,0.004626,0.004547,
92,0.488958,67108864,transfer,transfer,0.004586,0.004626,
93,0.493913,67108864,transfer,transfer,0.004606,0.004565,
94,0.498791,67108864,transfer,transfer,0.004586,0.004668,
95,0.503777,67108864,transfer,transfer,0.004627,0.004672,
96,0.508772,67108864,transfer,transfer,0.004649,0.004592,
97,0.513729,67108864,transfer,transfer,0.004620,0.004686,
98,0.518731,67108864,transfer,transfer,0.004653,0.004561,
99,0.523639,67108864,transfer,transfer,0.004607,0.004685,
100,0.528605,67108864,transfer,transfer,0.004646,0.004559,
101,0.533452,67108864,transfer,transfer,0.004602,0.004607,
102,0.538395,67108864,transfer,transfer,0.004605,0.004564,
103,0.543317,67108864,transfer,transfer,0.004585,0.004529,
104,0.548160,67108864,transfer,transfer,0.004557,0.004590,
105,0.553105,67108864,transfer,transfer,0.004574,0.004625,
106,0.558039,67108864,transfer,transfer,0.004599,0.004611,
107,0.562998,67108864,transfer,transfer,0.004605,0.004510,
108,0.567885,67108864,transfer,transfer,0.004557,0.004659,
109,0.572879,67108864,transfer,transfer,0.004608,0.004619,
110,0.577816,67108864,transfer,transfer,0.004613,0.004557,
111,0.582720,67108864,transfer,transfer,0.004585,0.004700,
112,0.587716,67108864,transfer,transfer,0.004643,0.004617,
113,0.592667,67108864,transfer,transfer,0.004630,0.004669,
114,0.597670,67108864,transfer,transfer,0.004650,0.004598,
115,0.602599,67108864,transfer,transfer,0.004624,0.004544,
116,0.607457,67108864,transfer,transfer,0.004584,0.004692,
117,0.612470,67108864,transfer,transfer,0.004638,0.004665,
118,0.617521,67108864,transfer,transfer,0.004651,0.004655,
119,0.622543,67108864,transfer,transfer,0.004653,0.004671,
120,0.627565,67108864,transfer,transfer,0.004662,0.004865,
121,0.632860,67108864,transfer,transfer,0.004763,0.004603,
122,0.637857,67108864,transfer,transfer,0.004683,0.004680,
123,0.642934,67108864,transfer,transfer,0.004682,0.004638,
124,0.647931,67108864,transfer,transfer,0.004660,0.004569,
125,0.652849,67108864,transfer,transfer,0.004614,0.004618,
126,0.657803,67108864,transfer,transfer,0.004616,0.004583,
127,0.662729,67108864,transfer,transfer,0.004599,0.004557,
128,0.667682,67108864,transfer,transfer,0.004578,0.004681,
129,0.672812,67108864,transfer,transfer,0.004630,0.004620,
130,0.677794,67108864,transfer,transfer,0.004625,0.004717,
131,0.682885,67108864,transfer,transfer,0.004671,0.004632,
132,0.687828,67108864,transfer,transfer,0.004652,0.004668,
133,0.692830,67108864,transfer,transfer,0.004660,0.004536,
134,0.697711,67108864,transfer,transfer,0.004598,0.004599,
135,0.702636,67108864,transfer,transfer,0.004599,0.004638,
136,0.707641,67108864,transfer,transfer,0.004618,0.004586,
137,0.712458,67108864,transfer,transfer,0.004602,0.004586,
138,0.717322,67108864,transfer,transfer,0.004594,0.004592,
139,0.722267,67108864,transfer,transfer,0.004593,0.004612,
140,0.727222,67108864,transfer,transfer,0.004603,0.004606,
141,0.732205,67108864,transfer,transfer,0.004604,0.004669,
142,0.737228,67108864,transfer,transfer,0.004637,0.004607,
143,0.742138,67108864,transfer,transfer,0.004622,0.004643,
144,0.747146,67108864,transfer,transfer,0.004632,0.004602,
145,0.752079,67108864,transfer,transfer,0.004617,0.004620,
146,0.757030,67108864,transfer,transfer,0.004619,0.004616,
147,0.761997,67108864,transfer,transfer,0.004617,0.004575,
148,0.766943,67108864,transfer,transfer,0.004596,0.004629,
149,0.771900,67108864,transfer,transfer,0.004613,0.004601,
150,0.776838,67108864,transfer,transfer,0.004607,0.004597,
151,0.781751,67108864,transfer,transfer,0.004602,0.004666,
152,0.786782,67108864,transfer,transfer,0.004634,0.004623,
153,0.791717,67108864,transfer,transfer,0.004629,0.004611,
154,0.796717,67108864,transfer,transfer,0.004620,0.004641,
155,0.801715,67108864,transfer,transfer,0.004630,0.004727,
156,0.806829,67108864,transfer,transfer,0.004679,0.004638,
157,0.811874,67108864,transfer,transfer,0.004658,0.004675,
158,0.816889,67108864,transfer,transfer,0.004667,0.004616,
159,0.821823,67108864,transfer,transfer,0.004641,0.004619,
160,0.826764,67108864,transfer,transfer,0.004630,0.004634,
161,0.831726,67108864,transfer,transfer,0.004632,0.004644,
162,0.836695,67108864,transfer,transfer,0.004638,0.004577,
163,0.841607,67108864,transfer,transfer,0.004607,0.004629,
164,0.846588,67108864,transfer,transfer,0.004618,0.004566,
165,0.851426,67108864,transfer,transfer,0.004592,0.004682,
166,0.856366,67108864,transfer,transfer,0.004637,0.004565,
167,0.861319,67108864,transfer,transfer,0.004601,0.004648,
168,0.866360,67108864,transfer,transfer,0.004625,0.004550,
169,0.871210,67108864,transfer,transfer,0.004587,0.004584,
170,0.876080,67108864,transfer,transfer,0.004585,0.004603,
171,0.881066,67108864,transfer,transfer,0.004594,0.004612,
172,0.886043,67108864,transfer,transfer,0.004603,0.004529,
173,0.890894,67108864,transfer,transfer,0.004566,0.004673,
174,0.895897,67108864,transfer,transfer,0.004619,0.004624,
175,0.900857,67108864,transfer,transfer,0.004622,0.004631,
176,0.905947,67108864,transfer,transfer,0.004626,0.004646,
177,0.910954,67108864,transfer,transfer,0.004636,0.004661,
178,0.915953,67108864,transfer,transfer,0.004649,0.004623,
179,0.920907,67108864,transfer,transfer,0.004636,0.004671,
180,0.925911,67108864,transfer,transfer,0.004653,0.004623,
181,0.930915,67108864,transfer,transfer,0.004638,0.004606,
182,0.935865,67108864,transfer,transfer,0.004622,0.004698,
183,0.940867,67108864,transfer,transfer,0.004660,0.004649,
184,0.945885,67108864,transfer,transfer,0.004655,0.004596,
185,0.950813,67108864,transfer,transfer,0.004625,0.004631,
186,0.955863,67108864,transfer,transfer,0.004628,0.004681,
187,0.960906,67108864,transfer,transfer,0.004655,0.004608,
188,0.965930,67108864,transfer,transfer,0.004631,0.004583,
189,0.970889,67108864,transfer,transfer,0.004607,0.004528,
190,0.975786,67108864,transfer,transfer,0.004568,0.004606,
191,0.980742,67108864,transfer,transfer,0.004587,0.004627,
192,0.985661,67108864,transfer,transfer,0.004607,0.004579,
193,0.990584,67108864,transfer,transfer,0.004593,0.004653,
194,0.995592,67108864,transfer,transfer,0.004623,0.004519,
195,1.000421,67108864,transfer,transfer,0.004571,0.004647,
196,1.005351,67108864,transfer,transfer,0.004609,0.004566,
197,1.010258,67108864,transfer,transfer,0.004588,0.004692,
198,1.015240,67108864,transfer,transfer,0.004640,0.004607,
199,1.020201,67108864,transfer,transfer,0.004623,0.004650,
200,1.025187,67108864,transfer,transfer,0.004637,0.004619,
201,1.030097,67108864,transfer,transfer,0.004628,0.004603,
202,1.035047,67108864,transfer,transfer,0.004615,0.004602,
203,1.039940,67108864,transfer,transfer,0.004609,0.004622,
204,1.044945,67108864,transfer,transfer,0.004615,0.004666,
205,1.049938,67108864,transfer,transfer,0.004641,0.004547,
206,1.054798,67108864,transfer,transfer,0.004594,0.004622,
207,1.059723,67108864,transfer,transfer,0.004608,0.004635,
208,1.064663,67108864,transfer,transfer,0.004622,0.004624,
209,1.069625,67108864,transfer,transfer,0.004623,0.004648,
210,1.074647,67108864,transfer,transfer,0.004635,0.004589,
211,1.079581,67108864,transfer,transfer,0.004612,0.004617,
212,1.084551,67108864,transfer,transfer,0.004615,0.004657,
213,1.089514,67108864,transfer,transfer,0.004636,0.004559,
214,1.094402,67108864,transfer,transfer,0.004597,0.004599,
215,1.099287,67108864,transfer,transfer,0.004598,0.004657,
216,1.104298,67108864,transfer,transfer,0.004628,0.004645,
217,1.109242,67108864,transfer,transfer,0.004636,0.004515,
218,1.114041,67108864,transfer,transfer,0.004576,0.004674,
219,1.119038,67108864,transfer,transfer,0.004625,0.004623,
220,1.124058,67108864,transfer,transfer,0.004624,0.004571,
221,1.129018,67108864,transfer,transfer,0.004597,0.004655,
222,1.134044,67108864,transfer,transfer,0.004626,0.004683,
223,1.139048,67108864,transfer,transfer,0.004655,0.004592,
224,1.143987,67108864,transfer,transfer,0.004623,0.004632,
225,1.148971,67108864,transfer,transfer,0.004627,0.004693,
226,1.153960,67108864,transfer,transfer,0.004660,0.004570,
227,1.158894,67108864,transfer,transfer,0.004615,0.004596,
228,1.163794,67108864,transfer,transfer,0.004605,0.004658,
229,1.168801,67108864,transfer,transfer,0.004632,0.004610,
230,1.173728,67108864,transfer,transfer,0.004621,0.004615,
231,1.178648,67108864,transfer,transfer,0.004618,0.004736,
232,1.183688,67108864,transfer,transfer,0.004677,0.004552,
233,1.188591,67108864,transfer,transfer,0.004614,0.004608,
234,1.193492,67108864,transfer,transfer,0.004611,0.004578,
235,1.198375,67108864,transfer,transfer,0.004595,0.004559,
236,1.203240,67108864,transfer,transfer,0.004577,0.004620,
237,1.208199,67108864,transfer,transfer,0.004598,0.004567,
238,1.213094,67108864,transfer,transfer,0.004583,0.004517,
239,1.217919,67108864,transfer,transfer,0.004550,0.004628,
240,1.222937,67108864,transfer,transfer,0.004589,0.004612,
241,1.227884,67108864,transfer,transfer,0.004601,0.004553,
242,1.232746,67108864,transfer,transfer,0.004577,0.004622,
243,1.237720,67108864,transfer,transfer,0.004599,0.004671,
244,1.242766,67108864,transfer,transfer,0.004635,0.004642,
245,1.247691,67108864,transfer,transfer,0.004639,0.004640,
246,1.252663,67108864,transfer,transfer,0.004639,0.004606,
247,1.257572,67108864,transfer,transfer,0.004623,0.004557,
248,1.262408,67108864,transfer,transfer,0.004590,0.004635,
249,1.267326,67108864,transfer,transfer,0.004612,0.004564,
250,1.272197,67108864,transfer,transfer,0.004588,0.004543,
251,1.277109,67108864,transfer,transfer,0.004565,0.004610,
252,1.281985,67108864,transfer,transfer,0.004587,0.004609,
253,1.286848,67108864,transfer,transfer,0.004598,0.004628,
254,1.291766,67108864,transfer,transfer,0.004613,0.004618,
255,1.296692,67108864,transfer,transfer,0.004616,0.004643,
256,1.301642,67108864,transfer,transfer,0.004629,0.004603,
257,1.306559,67108864,transfer,transfer,0.004616,0.004633,
258,1.311508,67108864,transfer,transfer,0.004624,0.004583,
259,1.316393,67108864,transfer,transfer,0.004604,0.004649,
260,1.321353,67108864,transfer,transfer,0.004627,0.004575,
261,1.326187,67108864,transfer,transfer,0.004601,0.004632,
262,1.331132,67108864,transfer,transfer,0.004616,0.004619,
263,1.336082,67108864,transfer,transfer,0.004618,0.004667,
264,1.341077,67108864,transfer,transfer,0.004642,0.004626,
265,1.346000,67108864,transfer,transfer,0.004634,0.004609,
266,1.350968,67108864,transfer,transfer,0.004622,0.004613,
267,1.355889,67108864,transfer,transfer,0.004617,0.004599,
268,1.360853,67108864,transfer,transfer,0.004608,0.004707,
269,1.366076,67108864,transfer,transfer,0.004658,0.004698,
270,1.371171,67108864,transfer,transfer,0.004678,0.004578,
271,1.376083,67108864,transfer,transfer,0.004628,0.004624,
272,1.381029,67108864,transfer,transfer,0.004626,0.004628,
273,1.385981,67108864,transfer,transfer,0.004627,0.004586,
274,1.390894,67108864,transfer,transfer,0.004606,0.004558,
275,1.395769,67108864,transfer,transfer,0.004582,0.004562,
276,1.400706,67108864,transfer,transfer,0.004572,0.004747,
277,1.405754,67108864,transfer,transfer,0.004659,0.004637,
278,1.410693,67108864,transfer,transfer,0.004648,0.004595,
279,1.415569,67108864,transfer,transfer,0.004622,0.004544,
280,1.420480,67108864,transfer,transfer,0.004583,0.004621,
281,1.425442,67108864,transfer,transfer,0.004602,0.004609,
282,1.430390,67108864,transfer,transfer,0.004606,0.004595,
283,1.435290,67108864,transfer,transfer,0.004601,0.004598,
284,1.440204,67108864,transfer,transfer,0.004599,0.004593,
285,1.445195,67108864,transfer,transfer,0.004596,0.004594,
286,1.450126,67108864,transfer,transfer,0.004595,0.004551,
287,1.455008,67108864,transfer,transfer,0.004573,0.004602,
288,1.460007,67108864,transfer,transfer,0.004588,0.004610,
289,1.464948,67108864,transfer,transfer,0.004599,0.004590,
290,1.469900,67108864,transfer,transfer,0.004594,0.004619,
291,1.474856,67108864,transfer,transfer,0.004607,0.004624,
292,1.479770,67108864,transfer,transfer,0.004615,0.004622,
293,1.484686,67108864,transfer,transfer,0.004618,0.004648,
294,1.489660,67108864,transfer,transfer,0.004633,0.004650,
295,1.494603,67108864,transfer,transfer,0.004642,0.004629,
296,1.499540,67108864,transfer,transfer,0.004636,0.004613,
297,1.504442,67108864,transfer,transfer,0.004624,0.004568,
298,1.509342,67108864,transfer,transfer,0.004596,0.004598,
299,1.514235,67108864,transfer,transfer,0.004597,0.004547,
300,1.519059,67108864,transfer,transfer,0.004572,0.004512,
